<?xml version="1.0" encoding="utf-8" standalone="yes"?>
<rss version="2.0" xmlns:atom="http://www.w3.org/2005/Atom">
  <channel>
    <title>Jekyll on NoLih Site</title>
    <link>https://nguyenkhachoan.com/categories/jekyll/</link>
    <description>Recent content in Jekyll on NoLih Site</description>
    <generator>Hugo -- gohugo.io</generator>
    <language>en-us</language>
    <lastBuildDate>Mon, 10 Mar 2014 00:00:00 +0000</lastBuildDate><atom:link href="https://nguyenkhachoan.com/categories/jekyll/index.xml" rel="self" type="application/rss+xml" />
    <item>
      <title>Migrer vers Hugo depuis Jekyll</title>
      <link>https://nguyenkhachoan.com/posts/2014/03/migrer-vers-hugo-depuis-jekyll/</link>
      <pubDate>Mon, 10 Mar 2014 00:00:00 +0000</pubDate>
      
      <guid>https://nguyenkhachoan.com/posts/2014/03/migrer-vers-hugo-depuis-jekyll/</guid>
      <description>&lt;h2 id=&#34;déplacez-le-contenu-statique-vers-static&#34;&gt;Déplacez le contenu statique vers &lt;code&gt;static&lt;/code&gt;&lt;/h2&gt;
&lt;p&gt;Jekyll a une règle comme quoi tout répertoire qui ne commence pas par &lt;code&gt;_&lt;/code&gt; sera
copié tel-quel dans le répertoire &lt;code&gt;_site&lt;/code&gt;. Hugo garde tout le contenu statique
dans le répertoire &lt;code&gt;static&lt;/code&gt;. Vous devez donc déplacer tout ce type de contenu
là-dedans. Avec Jekylll, l&amp;rsquo;arborescence ressemblant à ceci :&lt;/p&gt;
&lt;pre&gt;&lt;code&gt;▾ &amp;lt;root&amp;gt;/
    ▾ images/
        logo.png
&lt;/code&gt;&lt;/pre&gt;</description>
    </item>
    
  </channel>
</rss>
