<?xml version="1.0" encoding="utf-8" standalone="yes"?>
<rss version="2.0" xmlns:atom="http://www.w3.org/2005/Atom">
  <channel>
    <title>NoLih Site</title>
    <link>https://nguyenkhachoan.com/</link>
    <description>Recent content on NoLih Site</description>
    <generator>Hugo -- gohugo.io</generator>
    <language>en-us</language>
    <lastBuildDate>Sun, 28 Sep 2014 00:00:00 +0000</lastBuildDate><atom:link href="https://nguyenkhachoan.com/index.xml" rel="self" type="application/rss+xml" />
    <item>
      <title>Creating a New Theme</title>
      <link>https://nguyenkhachoan.com/posts/2014/09/creating-a-new-theme/</link>
      <pubDate>Sun, 28 Sep 2014 00:00:00 +0000</pubDate>
      
      <guid>https://nguyenkhachoan.com/posts/2014/09/creating-a-new-theme/</guid>
      <description>Introduction This tutorial will show you how to create a simple theme in Hugo. I assume that you are familiar with HTML, the bash command line, and that you are comfortable using Markdown to format content. I&amp;rsquo;ll explain how Hugo uses templates and how you can organize your templates to create a theme. I won&amp;rsquo;t cover using CSS to style your theme.
We&amp;rsquo;ll start with creating a new site with a very basic template.</description>
    </item>
    
    <item>
      <title>Migrate to Hugo from Jekyll</title>
      <link>https://nguyenkhachoan.com/posts/2014/03/migrate-to-hugo-from-jekyll/</link>
      <pubDate>Mon, 10 Mar 2014 00:00:00 +0000</pubDate>
      
      <guid>https://nguyenkhachoan.com/posts/2014/03/migrate-to-hugo-from-jekyll/</guid>
      <description>Move static content to static Jekyll has a rule that any directory not starting with _ will be copied as-is to the _site output. Hugo keeps all static content under static. You should therefore move it all there. With Jekyll, something that looked like
▾ &amp;lt;root&amp;gt;/▾ images/logo.pngshould become
▾ &amp;lt;root&amp;gt;/▾ static/▾ images/logo.pngAdditionally, you&amp;rsquo;ll want any files that should reside at the root (such as CNAME) to be moved to static.</description>
    </item>
    
    <item>
      <title>Création d&#39;un nouveau thème</title>
      <link>https://nguyenkhachoan.com/posts/2014/09/cr%C3%A9ation-dun-nouveau-th%C3%A8me/</link>
      <pubDate>Sun, 28 Sep 2014 00:00:00 +0000</pubDate>
      
      <guid>https://nguyenkhachoan.com/posts/2014/09/cr%C3%A9ation-dun-nouveau-th%C3%A8me/</guid>
      <description>Introduction Ce tutoriel vous montrera comment créer un thème simple pour Hugo. Je suppose que vous êtes familier avec HTML, la ligne de commande bash, et que vous êtes à l&amp;rsquo;aise avec Markdown pour formater le contenu. Je vais expliquer comment Hugo utilise des modèles et comment vous pouvez organiser vos modèles pour créer un thème. Je ne couvrirai pas l&amp;rsquo;utilisation de CSS pour styliser votre thème.
Nous allons commencer par créer un nouveau site avec un modèle très basique.</description>
    </item>
    
    <item>
      <title>About</title>
      <link>https://nguyenkhachoan.com/about/</link>
      <pubDate>Wed, 09 Apr 2014 00:00:00 +0000</pubDate>
      
      <guid>https://nguyenkhachoan.com/about/</guid>
      <description>Hugo is the world’s fastest framework for building websites. It is written in Go.
It makes use of a variety of open source projects including:
https://github.com/russross/blackfriday https://github.com/alecthomas/chroma https://github.com/muesli/smartcrop https://github.com/spf13/cobra https://github.com/spf13/viper Learn more and contribute on GitHub.</description>
    </item>
    
    <item>
      <title>(Hu)go Template Primer</title>
      <link>https://nguyenkhachoan.com/posts/2014/04/hugo-template-primer/</link>
      <pubDate>Wed, 02 Apr 2014 00:00:00 +0000</pubDate>
      
      <guid>https://nguyenkhachoan.com/posts/2014/04/hugo-template-primer/</guid>
      <description>Hugo uses the excellent Go html/template library for its template engine. It is an extremely lightweight engine that provides a very small amount of logic. In our experience that it is just the right amount of logic to be able to create a good static website. If you have used other template systems from different languages or frameworks you will find a lot of similarities in Go templates.
This document is a brief primer on using Go templates.</description>
    </item>
    
    <item>
      <title>Débuter avec Hugo</title>
      <link>https://nguyenkhachoan.com/posts/2014/04/d%C3%A9buter-avec-hugo/</link>
      <pubDate>Wed, 02 Apr 2014 00:00:00 +0000</pubDate>
      
      <guid>https://nguyenkhachoan.com/posts/2014/04/d%C3%A9buter-avec-hugo/</guid>
      <description>&lt;h2 id=&#34;étape-1-installer-hugo&#34;&gt;Étape 1. Installer Hugo&lt;/h2&gt;
&lt;p&gt;Allez sur la page de téléchargements de
&lt;a href=&#34;https://github.com/spf13/hugo/releases&#34;&gt;hugo&lt;/a&gt; et téléchargez la version
appropriée à votre système d&amp;rsquo;exploitation et votre architecture.&lt;/p&gt;
&lt;p&gt;Sauvegardez le fichier téléchargé à un endroit précis, afin de l&amp;rsquo;utiliser dans
l&amp;rsquo;étape suivante.&lt;/p&gt;
&lt;p&gt;Des informations plus complètes sont disponibles sur la page
&lt;a href=&#34;https://nguyenkhachoan.com/overview/installing/&#34;&gt;installing hugo&lt;/a&gt;&lt;/p&gt;</description>
    </item>
    
    <item>
      <title>Getting Started with Hugo</title>
      <link>https://nguyenkhachoan.com/posts/2014/04/getting-started-with-hugo/</link>
      <pubDate>Wed, 02 Apr 2014 00:00:00 +0000</pubDate>
      
      <guid>https://nguyenkhachoan.com/posts/2014/04/getting-started-with-hugo/</guid>
      <description>Step 1. Install Hugo Go to Hugo releases and download the appropriate version for your OS and architecture.
Save it somewhere specific as we will be using it in the next step.
More complete instructions are available at Install Hugo
Step 2. Build the Docs Hugo has its own example site which happens to also be the documentation site you are reading right now.
Follow the following steps:
Clone the Hugo repository Go into the repo Run hugo in server mode and build the docs Open your browser to http://localhost:1313 Corresponding pseudo commands:</description>
    </item>
    
    <item>
      <title>Introduction aux modèles (Hu)go</title>
      <link>https://nguyenkhachoan.com/posts/2014/04/introduction-aux-mod%C3%A8les-hugo/</link>
      <pubDate>Wed, 02 Apr 2014 00:00:00 +0000</pubDate>
      
      <guid>https://nguyenkhachoan.com/posts/2014/04/introduction-aux-mod%C3%A8les-hugo/</guid>
      <description>Hugo utilise l&amp;rsquo;excellente librairie go html/template pour son moteur de modèles. c&amp;rsquo;est un moteur extrêmement léger qui offre un très petit nombre de fonctions logiques. À notre expérience, c&amp;rsquo;est juste ce qu&amp;rsquo;il faut pour créer un bon site web statique. Si vous avez déjà utilisé d&amp;rsquo;autre moteurs de modèles pour différents langages ou frameworks, vous allez retrouver beaucoup de similitudes avec les modèles go.
Ce document est une introduction sur l&amp;rsquo;utilisation de Go templates.</description>
    </item>
    
    <item>
      <title>Migrer vers Hugo depuis Jekyll</title>
      <link>https://nguyenkhachoan.com/posts/2014/03/migrer-vers-hugo-depuis-jekyll/</link>
      <pubDate>Mon, 10 Mar 2014 00:00:00 +0000</pubDate>
      
      <guid>https://nguyenkhachoan.com/posts/2014/03/migrer-vers-hugo-depuis-jekyll/</guid>
      <description>&lt;h2 id=&#34;déplacez-le-contenu-statique-vers-static&#34;&gt;Déplacez le contenu statique vers &lt;code&gt;static&lt;/code&gt;&lt;/h2&gt;
&lt;p&gt;Jekyll a une règle comme quoi tout répertoire qui ne commence pas par &lt;code&gt;_&lt;/code&gt; sera
copié tel-quel dans le répertoire &lt;code&gt;_site&lt;/code&gt;. Hugo garde tout le contenu statique
dans le répertoire &lt;code&gt;static&lt;/code&gt;. Vous devez donc déplacer tout ce type de contenu
là-dedans. Avec Jekylll, l&amp;rsquo;arborescence ressemblant à ceci :&lt;/p&gt;
&lt;pre&gt;&lt;code&gt;▾ &amp;lt;root&amp;gt;/
    ▾ images/
        logo.png
&lt;/code&gt;&lt;/pre&gt;</description>
    </item>
    
  </channel>
</rss>
