<?xml version="1.0" encoding="utf-8" standalone="yes"?>
<rss version="2.0" xmlns:atom="http://www.w3.org/2005/Atom">
  <channel>
    <title>Go on NoLih Site</title>
    <link>https://nguyenkhachoan.com/categories/go/</link>
    <description>Recent content in Go on NoLih Site</description>
    <generator>Hugo -- gohugo.io</generator>
    <language>en-us</language>
    <lastBuildDate>Wed, 02 Apr 2014 00:00:00 +0000</lastBuildDate><atom:link href="https://nguyenkhachoan.com/categories/go/index.xml" rel="self" type="application/rss+xml" />
    <item>
      <title>Introduction aux modèles (Hu)go</title>
      <link>https://nguyenkhachoan.com/posts/2014/04/introduction-aux-mod%C3%A8les-hugo/</link>
      <pubDate>Wed, 02 Apr 2014 00:00:00 +0000</pubDate>
      
      <guid>https://nguyenkhachoan.com/posts/2014/04/introduction-aux-mod%C3%A8les-hugo/</guid>
      <description>Hugo utilise l&amp;rsquo;excellente librairie go html/template pour son moteur de modèles. c&amp;rsquo;est un moteur extrêmement léger qui offre un très petit nombre de fonctions logiques. À notre expérience, c&amp;rsquo;est juste ce qu&amp;rsquo;il faut pour créer un bon site web statique. Si vous avez déjà utilisé d&amp;rsquo;autre moteurs de modèles pour différents langages ou frameworks, vous allez retrouver beaucoup de similitudes avec les modèles go.
Ce document est une introduction sur l&amp;rsquo;utilisation de Go templates.</description>
    </item>
    
  </channel>
</rss>
