<?xml version="1.0" encoding="utf-8" standalone="yes"?>
<rss version="2.0" xmlns:atom="http://www.w3.org/2005/Atom">
  <channel>
    <title>Categories on NoLih Site</title>
    <link>https://nguyenkhachoan.com/categories/</link>
    <description>Recent content in Categories on NoLih Site</description>
    <generator>Hugo -- gohugo.io</generator>
    <language>en-us</language>
    <lastBuildDate>Sun, 28 Sep 2014 00:00:00 +0000</lastBuildDate><atom:link href="https://nguyenkhachoan.com/categories/index.xml" rel="self" type="application/rss+xml" />
    <item>
      <title>Hugo</title>
      <link>https://nguyenkhachoan.com/categories/hugo/</link>
      <pubDate>Sun, 28 Sep 2014 00:00:00 +0000</pubDate>
      
      <guid>https://nguyenkhachoan.com/categories/hugo/</guid>
      <description></description>
    </item>
    
    <item>
      <title>Development</title>
      <link>https://nguyenkhachoan.com/categories/development/</link>
      <pubDate>Wed, 02 Apr 2014 00:00:00 +0000</pubDate>
      
      <guid>https://nguyenkhachoan.com/categories/development/</guid>
      <description></description>
    </item>
    
    <item>
      <title>Go</title>
      <link>https://nguyenkhachoan.com/categories/go/</link>
      <pubDate>Wed, 02 Apr 2014 00:00:00 +0000</pubDate>
      
      <guid>https://nguyenkhachoan.com/categories/go/</guid>
      <description></description>
    </item>
    
    <item>
      <title>golang</title>
      <link>https://nguyenkhachoan.com/categories/golang/</link>
      <pubDate>Wed, 02 Apr 2014 00:00:00 +0000</pubDate>
      
      <guid>https://nguyenkhachoan.com/categories/golang/</guid>
      <description></description>
    </item>
    
    <item>
      <title>Jekyll</title>
      <link>https://nguyenkhachoan.com/categories/jekyll/</link>
      <pubDate>Mon, 10 Mar 2014 00:00:00 +0000</pubDate>
      
      <guid>https://nguyenkhachoan.com/categories/jekyll/</guid>
      <description></description>
    </item>
    
  </channel>
</rss>
