<?xml version="1.0" encoding="utf-8" standalone="yes"?>
<rss version="2.0" xmlns:atom="http://www.w3.org/2005/Atom">
  <channel>
    <title>go on NoLih Site</title>
    <link>https://nguyenkhachoan.com/tags/go/</link>
    <description>Recent content in go on NoLih Site</description>
    <generator>Hugo -- gohugo.io</generator>
    <language>en-us</language>
    <lastBuildDate>Wed, 02 Apr 2014 00:00:00 +0000</lastBuildDate><atom:link href="https://nguyenkhachoan.com/tags/go/index.xml" rel="self" type="application/rss+xml" />
    <item>
      <title>(Hu)go Template Primer</title>
      <link>https://nguyenkhachoan.com/posts/2014/04/hugo-template-primer/</link>
      <pubDate>Wed, 02 Apr 2014 00:00:00 +0000</pubDate>
      
      <guid>https://nguyenkhachoan.com/posts/2014/04/hugo-template-primer/</guid>
      <description>Hugo uses the excellent Go html/template library for its template engine. It is an extremely lightweight engine that provides a very small amount of logic. In our experience that it is just the right amount of logic to be able to create a good static website. If you have used other template systems from different languages or frameworks you will find a lot of similarities in Go templates.
This document is a brief primer on using Go templates.</description>
    </item>
    
    <item>
      <title>Getting Started with Hugo</title>
      <link>https://nguyenkhachoan.com/posts/2014/04/getting-started-with-hugo/</link>
      <pubDate>Wed, 02 Apr 2014 00:00:00 +0000</pubDate>
      
      <guid>https://nguyenkhachoan.com/posts/2014/04/getting-started-with-hugo/</guid>
      <description>Step 1. Install Hugo Go to Hugo releases and download the appropriate version for your OS and architecture.
Save it somewhere specific as we will be using it in the next step.
More complete instructions are available at Install Hugo
Step 2. Build the Docs Hugo has its own example site which happens to also be the documentation site you are reading right now.
Follow the following steps:
Clone the Hugo repository Go into the repo Run hugo in server mode and build the docs Open your browser to http://localhost:1313 Corresponding pseudo commands:</description>
    </item>
    
  </channel>
</rss>
